sweep,model,device,scale,s,n,policy,tau_max,tau_add,D,attn,traffic,reads,lb_add
A,Qwen3-4B-FP8,H100-SXM-80GB,1,0.1,2,task,12.08444910943958,12.15568263810346,11.813333602829713,0.2711155066098676,0.0712335286638806,1.3469115223880597e-05,12.155669168988235
A,Qwen3-4B-FP8,H100-SXM-80GB,1,0.1,2,pipe,13.044883988903074,13.127682415902171,12.7876984335523,0.2566779008406185,0.08330608150925373,0.006191853506865671,13.127676781762469
A,Qwen3-4B-FP8,H100-SXM-80GB,1,0.1,2,fullspec,14.728641087833644,14.815499472416333,14.428527134916624,0.3001139529170207,0.08685838458268656,1.6902419104477612e-05,14.815482569997227
A,Qwen3-4B-FP8,H100-SXM-80GB,1,0.5,2,task,16.58865563847108,16.68642345617616,16.214232642748865,0.37442299572221927,0.09776781770507463,1.4569533134328358e-05,16.686408886643026
A,Qwen3-4B-FP8,H100-SXM-80GB,1,0.5,2,pipe,13.801326335691948,13.91315047962047,13.522615058110157,0.2762391947401637,0.11429622677014926,0.03282522417671642,13.913133577201366
A,Qwen3-4B-FP8,H100-SXM-80GB,1,0.5,2,fullspec,14.728641087833644,14.815499472416333,14.428527134916624,0.3001139529170207,0.08685838458268656,1.6902419104477612e-05,14.815482569997227
A,Qwen3-4B-FP8,H100-SXM-80GB,1,0.9,2,task,21.004765510415393,21.1285606106136,20.531103789792823,0.473661720622569,0.12379510019820895,1.566995104477612e-05,21.128544940662557
A,Qwen3-4B-FP8,H100-SXM-80GB,1,0.9,2,pipe,14.545865076944873,14.686936052158982,14.246798989388578,0.29543389022353916,0.14470317254686568,0.05893902152597016,14.68691914973988
A,Qwen3-4B-FP8,H100-SXM-80GB,1,0.9,2,fullspec,14.728641087833644,14.815499472416333,14.428527134916624,0.3001139529170207,0.08685838458268656,1.6902419104477612e-05,14.815482569997227
A,Qwen3-4B-FP8,L40S-48GB,1,0.1,2,task,32.62636396668612,32.902549737352786,31.894389085948156,0.7319748807379645,0.27618577066666666,4.317866666666666e-05,32.90250655868612
A,Qwen3-4B-FP8,L40S-48GB,1,0.1,2,pipe,35.219648363917216,35.54101857403308,34.5250412005457,0.6929953148207149,0.3229820586666666,0.02398592,35.54101857403308
A,Qwen3-4B-FP8,L40S-48GB,1,0.1,2,fullspec,39.76532157274596,40.10222951941261,38.955054843110496,0.8102667296354489,0.3369079466666667,0.00019618133333333335,40.10203333807929
A,Qwen3-4B-FP8,L40S-48GB,1,0.5,2,task,44.787107105776634,45.1662663164433,43.77621609822647,1.0108910075501665,0.37915921066666664,0.00013909333333333334,45.16612722310996
A,Qwen3-4B-FP8,L40S-48GB,1,0.5,2,pipe,37.2634947385384,37.698142727729135,36.50921582537518,0.7458081396872905,0.4431187626666667,0.12723003733333335,37.6981208823958
A,Qwen3-4B-FP8,L40S-48GB,1,0.5,2,fullspec,39.76532157274596,40.10222951941261,38.955054843110496,0.8102667296354489,0.3369079466666667,0.00019618133333333335,40.10203333807929
A,Qwen3-4B-FP8,L40S-48GB,1,0.9,2,task,56.710001289375256,57.190058889375244,55.43117926330149,1.278822026073757,0.4800576,0.00012578133333333334,57.18993310804192
A,Qwen3-4B-FP8,L40S-48GB,1,0.9,2,pipe,39.31412506713314,39.82312644140844,38.46441364256481,0.7976311988436345,0.5610816,0.2285469866666667,39.8230390600751
A,Qwen3-4B-FP8,L40S-48GB,1,0.9,2,fullspec,39.76532157274596,40.10222951941261,38.955054843110496,0.8102667296354489,0.3369079466666667,0.00019618133333333335,40.10203333807929
A,Qwen3-32B-FP8,H100-SXM-80GB,1,0.1,2,task,103.34619080358148,103.47287999065732,102.38222455785751,0.9639662457239737,0.1266891870758209,7.574787820895523e-05,103.47280424277908
A,Qwen3-32B-FP8,H100-SXM-80GB,1,0.1,2,pipe,111.73935229377545,111.88750207547814,110.82671975745326,0.912632536322199,0.14814978170268658,0.011057820809552239,111.88744197798799
A,Qwen3-32B-FP8,H100-SXM-80GB,1,0.1,2,fullspec,126.11430700187124,126.26877148040022,125.04723516927741,1.0670718325938515,0.15446447852895523,7.962134925373134e-05,126.26869185905097
A,Qwen3-32B-FP8,H100-SXM-80GB,1,0.5,2,task,141.85463133305802,142.02852850718105,140.52334957049015,1.331281762567891,0.17389717412298508,0.00011362181731343285,142.02841488536373
A,Qwen3-32B-FP8,H100-SXM-80GB,1,0.5,2,pipe,118.17818097380861,118.3814237993226,117.195997170288,0.982183803520582,0.20324282551402986,0.05840548757014925,118.38134421709935
A,Qwen3-32B-FP8,H100-SXM-80GB,1,0.5,2,fullspec,126.11430700187124,126.26877148040022,125.04723516927741,1.0670718325938515,0.15446447852895523,7.962134925373134e-05,126.26869185905097
A,Qwen3-32B-FP8,H100-SXM-80GB,1,0.9,2,task,179.62036340708474,179.8405252019886,177.93623284487117,1.6841305622135787,0.22016179490388063,0.00010947446447761197,179.84041572752412
A,Qwen3-32B-FP8,H100-SXM-80GB,1,0.9,2,pipe,124.52268951771806,124.78002974848106,123.47225790803436,1.0504316096836948,0.25734023076298507,0.10487062894805971,124.77990955350074
A,Qwen3-32B-FP8,H100-SXM-80GB,1,0.9,2,fullspec,126.11430700187124,126.26877148040022,125.04723516927741,1.0670718325938515,0.15446447852895523,7.962134925373134e-05,126.26869185905097
A,Qwen3-32B-FP8,L40S-48GB,1,0.1,2,task,279.020616098619,279.5123691155079,276.41803874488403,2.6025773537349846,0.491753016888889,0.000832853333333333,279.51153626217456
A,Qwen3-32B-FP8,L40S-48GB,1,0.1,2,pipe,301.6811102562546,302.2559352929809,299.2170237380628,2.463983341584764,0.5749282133333333,0.043379522370370356,302.2551974061661
A,Qwen3-32B-FP8,L40S-48GB,1,0.1,2,fullspec,340.49142367899486,341.0913276315875,337.61047530695777,2.8809483720371514,0.5999039525925925,0.0013052586666666664,341.09002237292077
A,Qwen3-32B-FP8,L40S-48GB,1,0.5,2,task,382.98815198925206,383.6630135003633,379.39387285129607,3.594279137956147,0.6748615111111114,0.0010479691851851846,383.66196553117817
A,Qwen3-32B-FP8,L40S-48GB,1,0.5,2,pipe,319.06521373490835,319.85335401021365,316.4132038199181,2.6517622744437,0.7883879158518516,0.22680795970370374,319.85269394739885
A,Qwen3-32B-FP8,L40S-48GB,1,0.5,2,fullspec,340.49142367899486,341.0913276315875,337.61047530695777,2.8809483720371514,0.5999039525925925,0.0013052586666666664,341.09002237292077
A,Qwen3-32B-FP8,L40S-48GB,1,0.9,2,task,484.95047637465296,485.8050292540604,480.40355361527963,4.546922759373357,0.8545528794074073,0.001340757333333333,485.8036884967271
A,Qwen3-32B-FP8,L40S-48GB,1,0.9,2,pipe,336.19494931503306,337.1928004335241,333.3582515688949,2.8360220403329217,0.9985268242962961,0.40735417837037025,337.1915966646353
A,Qwen3-32B-FP8,L40S-48GB,1,0.9,2,fullspec,340.49142367899486,341.0913276315875,337.61047530695777,2.8809483720371514,0.5999039525925925,0.0013052586666666664,341.09002237292077
B,Qwen3-4B-FP8,H100-SXM-80GB,1,0.5,2,pipe,13.801326335691948,13.91315047962047,13.522615058110157,0.2762391947401637,0.11429622677014926,0.03282522417671642,13.913133577201366
B,Qwen3-4B-FP8,H100-SXM-80GB,1,0.5,2,fullspec,14.728641087833644,14.815499472416333,14.428527134916624,0.3001139529170207,0.08685838458268656,1.6902419104477612e-05,14.815482569997227
B,Qwen3-4B-FP8,H100-SXM-80GB,1,0.9,2,pipe,14.545865076944873,14.686936052158982,14.246798989388578,0.29543389022353916,0.14470317254686568,0.05893902152597016,14.68691914973988
B,Qwen3-4B-FP8,H100-SXM-80GB,1,0.9,2,fullspec,14.728641087833644,14.815499472416333,14.428527134916624,0.3001139529170207,0.08685838458268656,1.6902419104477612e-05,14.815482569997227
B,Qwen3-4B-FP8,H100-SXM-80GB,2,0.5,2,pipe,25.267921395875508,25.47952369350757,24.312941081354218,0.9541258945509612,0.21245671760238807,0.06571242389014925,25.479427913132643
B,Qwen3-4B-FP8,H100-SXM-80GB,2,0.5,2,fullspec,26.218836154973395,26.370967830674886,25.218853158160684,0.9999829968127094,0.15213167570149255,1.6902419104477612e-05,26.370950928255784
B,Qwen3-4B-FP8,H100-SXM-80GB,2,0.9,2,pipe,26.030424073192513,26.29707679691512,25.03712501263264,0.9910024942526285,0.26894929002985074,0.11791184789014925,26.297009187238707
B,Qwen3-4B-FP8,H100-SXM-80GB,2,0.9,2,fullspec,26.218836154973395,26.370967830674886,25.218853158160684,0.9999829968127094,0.15213167570149255,1.6902419104477612e-05,26.370950928255784
B,Qwen3-4B-FP8,H100-SXM-80GB,4,0.5,2,pipe,49.42637426371377,49.834318661581364,45.89359312784233,3.5319647368912785,0.4087607968477612,0.13146992089791049,49.83408202771392
B,Qwen3-4B-FP8,H100-SXM-80GB,4,0.5,2,fullspec,50.42129173197163,50.704092972616394,46.79950520464881,3.621786527322809,0.28280124064477613,0.00013988512477611942,50.70395308749162
B,Qwen3-4B-FP8,H100-SXM-80GB,4,0.9,2,pipe,50.22234102930109,50.73964909473419,46.617777059120776,3.6042051450295305,0.5176668905838806,0.2360828662065672,50.73925470495508
B,Qwen3-4B-FP8,H100-SXM-80GB,4,0.9,2,fullspec,50.42129173197163,50.704092972616394,46.79950520464881,3.621786527322809,0.28280124064477613,0.00013988512477611942,50.70395308749162
B,Qwen3-4B-FP8,H100-SXM-80GB,10,0.5,2,pipe,131.6780812059546,132.6769849591395,110.63554926730673,21.04200480566201,0.9994308861707462,0.3305002635080598,132.6745679132075
B,Qwen3-4B-FP8,H100-SXM-80GB,10,0.5,2,fullspec,132.80518200471607,133.48116753865278,111.54146134411319,21.263720660602893,0.6759855339367163,0.001684431703880597,133.47948310694892
B,Qwen3-4B-FP8,H100-SXM-80GB,10,0.9,2,pipe,132.58101644796454,133.84550089389575,111.35973319858515,21.220336639110013,1.2654310562005973,0.5922072851104478,133.84251479985397
B,Qwen3-4B-FP8,H100-SXM-80GB,10,0.9,2,fullspec,132.80518200471607,133.48116753865278,111.54146134411319,21.263720660602893,0.6759855339367163,0.001684431703880597,133.47948310694892
B,Qwen3-32B-FP8,L40S-48GB,1,0.5,2,pipe,319.06521373490835,319.85335401021365,316.4132038199181,2.6517622744437,0.7883879158518516,0.22680795970370374,319.85269394739885
B,Qwen3-32B-FP8,L40S-48GB,1,0.5,2,fullspec,340.49142367899486,341.0913276315875,337.61047530695777,2.8809483720371514,0.5999039525925925,0.0013052586666666664,341.09002237292077
B,Qwen3-32B-FP8,L40S-48GB,1,0.9,2,pipe,336.19494931503306,337.1928004335241,333.3582515688949,2.8360220403329217,0.9985268242962961,0.40735417837037025,337.1915966646353
B,Qwen3-32B-FP8,L40S-48GB,1,0.9,2,fullspec,340.49142367899486,341.0913276315875,337.61047530695777,2.8809483720371514,0.5999039525925925,0.0013052586666666664,341.09002237292077
B,Qwen3-32B-FP8,L40S-48GB,2,0.5,2,pipe,578.0534507554255,579.5230795377081,568.894074761255,9.159145770823597,1.4698590056296288,0.45834998518518516,579.5170253463009
B,Qwen3-32B-FP8,L40S-48GB,2,0.5,2,fullspec,599.6906979569735,600.744155175344,590.0913462482946,9.599351708678983,1.05345721837037,0.004929460148148149,600.739225715196
B,Qwen3-32B-FP8,L40S-48GB,2,0.9,2,pipe,595.352476360315,597.2129245712377,585.8391225102317,9.513143240265341,1.8606588207407415,0.8195571105185185,597.2056682796824
B,Qwen3-32B-FP8,L40S-48GB,2,0.9,2,fullspec,599.6906979569735,600.744155175344,590.0913462482946,9.599351708678983,1.05345721837037,0.004929460148148149,600.739225715196
B,Qwen3-32B-FP8,L40S-48GB,4,0.5,2,pipe,1107.7610842762256,1110.601660414104,1073.8558166439288,33.90514822765664,2.8406955425185187,0.9293283934814817,1110.5769236081783
B,Qwen3-32B-FP8,L40S-48GB,4,0.5,2,fullspec,1129.820481977004,1131.7851298940418,1095.053088130969,34.767393846035915,1.964647917037037,0.01626203022222222,1131.7688678638194
B,Qwen3-32B-FP8,L40S-48GB,4,0.9,2,pipe,1125.3998045045005,1128.9953003332578,1090.8008643929063,34.598621104203424,3.595814836148147,1.6548549973333324,1128.96504697385
B,Qwen3-32B-FP8,L40S-48GB,4,0.9,2,fullspec,1129.820481977004,1131.7851298940418,1095.053088130969,34.767393846035915,1.964647917037037,0.01626203022222222,1131.7688678638194
B,Qwen3-32B-FP8,L40S-48GB,10,0.5,2,pipe,2790.753268791958,2797.787178137522,2588.7601274821877,201.9930393107416,7.034011344592591,2.423069809777778,2797.606502106397
B,Qwen3-32B-FP8,L40S-48GB,10,0.5,2,fullspec,2814.0597177496816,2818.8136618705717,2609.9383137789905,204.12140397069265,4.753944120888889,0.10598384829629631,2818.707678022276
B,Qwen3-32B-FP8,L40S-48GB,10,0.9,2,pipe,2809.3912355203265,2818.299946930125,2605.6860900409283,203.7049384086038,8.908918480592588,4.268384255999999,2818.093066768939
B,Qwen3-32B-FP8,L40S-48GB,10,0.9,2,fullspec,2814.0597177496816,2818.8136618705717,2609.9383137789905,204.12140397069265,4.753944120888889,0.10598384829629631,2818.707678022276
C,Qwen3-4B-FP8,H100-SXM-80GB,1,0.9,4,k=1,17.463056360440653,17.709718963240288,17.076591814047497,0.3700958626686124,0.2630312865241791,0.16049139650865674,17.709685158402085
C,Qwen3-4B-FP8,H100-SXM-80GB,1,0.9,4,k=2,17.76520635919575,17.92264020052351,17.387112278928754,0.3780940802669954,0.15743384132776117,0.05305310620656717,17.602246868099993
C,Qwen3-4B-FP8,H100-SXM-80GB,1,0.9,4,k=4,18.462836606882863,18.57125191423092,18.066728246589186,0.3961083602936756,0.10841530734805971,5.634139701492538e-06,18.571246280091216
C,Qwen3-4B-FP8,H100-SXM-80GB,10,0.9,4,k=1,136.11058024509967,138.40258280858254,114.18952602324411,21.91375444738975,2.2993023379486575,1.6093028278638803,138.39785589742309
C,Qwen3-4B-FP8,H100-SXM-80GB,10,0.9,4,k=2,136.487945128026,137.71243498180993,114.50004648812534,21.98789863990071,1.2244898537838806,0.5326494985934328,137.32347299440218
C,Qwen3-4B-FP8,H100-SXM-80GB,10,0.9,4,k=4,137.33492668080703,138.03241297217897,115.17966245578576,22.155264225021284,0.6974862913719401,0.0016169980943283578,138.03079597408464
