s1,rep,model,device,policy,tau,LB,gap_pct,batches,U_tot,peak_resident,validate_s
0.1,0,Qwen3-4B-FP8,H100-SXM-80GB,task,12.08444910943958,12.084449109439579,1.4699526832486532e-14,4,3247026,996848.0,0.03
0.1,0,Qwen3-4B-FP8,H100-SXM-80GB,pipe,13.044883988903074,13.044376334392917,0.0038917499552547402,5,3514841,996875.0,0.03
0.1,0,Qwen3-4B-FP8,H100-SXM-80GB,fullspec,14.728641087833644,14.728641087833646,-1.2060561655396581e-14,4,3965841,996827.0,0.04
0.1,0,Qwen3-4B-FP8,L40S-48GB,task,32.683763341080095,32.6837633410801,-2.173993026277429e-14,7,3252500,562846.0,0.03
0.1,0,Qwen3-4B-FP8,L40S-48GB,pipe,35.21117606191521,35.209397904681566,0.005050234708524158,8,3513941,562844.0,0.04
0.1,0,Qwen3-4B-FP8,L40S-48GB,fullspec,39.76532157274596,39.765321572745954,1.786840160364971e-14,8,3965841,562810.0,0.07
0.1,0,Qwen3-32B-FP8,H100-SXM-80GB,task,103.93534419037346,103.93534419037346,0.0,10,3265423,339483.0,0.03
0.1,0,Qwen3-32B-FP8,H100-SXM-80GB,pipe,111.77819677993938,111.77819677993938,0.0,13,3516041,339453.0,0.04
0.1,0,Qwen3-32B-FP8,H100-SXM-80GB,fullspec,126.11430700187124,126.11430700187127,-2.2536467198747156e-14,12,3965841,339489.0,0.04
0.1,0,Qwen3-32B-FP8,L40S-48GB,task,281.39548537775255,281.39548537775255,0.0,36,3274602,95367.0,0.05
0.1,0,Qwen3-32B-FP8,L40S-48GB,pipe,301.91282915629665,301.9064785589861,0.0021034981895191648,42,3517441,95367.0,0.06
0.1,0,Qwen3-32B-FP8,L40S-48GB,fullspec,340.49142367899486,340.49142367899486,0.0,42,3965841,95355.0,0.07
0.1,1,Qwen3-4B-FP8,H100-SXM-80GB,task,12.158256151667388,12.158256151667388,0.0,4,3266818,996848.0,0.03
0.1,1,Qwen3-4B-FP8,H100-SXM-80GB,pipe,13.054944540547723,13.054332649292968,0.004687265685601495,5,3517491,996764.0,0.04
0.1,1,Qwen3-4B-FP8,H100-SXM-80GB,fullspec,14.728641087833644,14.728641087833646,-1.2060561655396581e-14,4,3965841,996827.0,0.04
0.1,1,Qwen3-4B-FP8,L40S-48GB,task,32.884292372728666,32.884292372728666,0.0,7,3272222,562846.0,0.03
0.1,1,Qwen3-4B-FP8,L40S-48GB,pipe,35.23008602092349,35.22840124764691,0.004782428997376687,8,3515791,562865.0,0.07
0.1,1,Qwen3-4B-FP8,L40S-48GB,fullspec,39.76532157274596,39.765321572745954,1.786840160364971e-14,8,3965841,562810.0,0.04
0.1,1,Qwen3-32B-FP8,H100-SXM-80GB,task,104.45168347762922,104.45168347762922,0.0,10,3281716,339483.0,0.03
0.1,1,Qwen3-32B-FP8,H100-SXM-80GB,pipe,111.87689017293705,111.87689017293705,0.0,13,3519141,339482.0,0.04
0.1,1,Qwen3-32B-FP8,H100-SXM-80GB,fullspec,126.11430700187124,126.11430700187127,-2.2536467198747156e-14,12,3965841,339489.0,0.04
0.1,1,Qwen3-32B-FP8,L40S-48GB,task,280.15460951084424,280.15460951084424,0.0,36,3260228,95367.0,0.05
0.1,1,Qwen3-32B-FP8,L40S-48GB,pipe,301.78528249944463,301.78513873433565,4.763823347638048e-05,41,3516041,95367.0,0.06
0.1,1,Qwen3-32B-FP8,L40S-48GB,fullspec,340.49142367899486,340.49142367899486,0.0,42,3965841,95355.0,0.07
0.25,0,Qwen3-4B-FP8,H100-SXM-80GB,task,13.760536535102093,13.760536535102093,0.0,4,3697024,996848.0,0.03
0.25,0,Qwen3-4B-FP8,H100-SXM-80GB,pipe,13.323812388350538,13.323605874205752,0.0015499868934549686,6,3589591,996864.0,0.04
0.25,0,Qwen3-4B-FP8,H100-SXM-80GB,fullspec,14.728641087833644,14.728641087833646,-1.2060561655396581e-14,4,3965841,996827.0,0.06
0.25,0,Qwen3-4B-FP8,L40S-48GB,task,37.43253129503503,37.43253129503502,1.8981957970187958e-14,8,3724903,562846.0,0.03
0.25,0,Qwen3-4B-FP8,L40S-48GB,pipe,36.004056201184326,36.001585030972414,0.006864059484564486,9,3592491,562874.0,0.04
0.25,0,Qwen3-4B-FP8,L40S-48GB,fullspec,39.76532157274596,39.765321572745954,1.786840160364971e-14,8,3965841,562810.0,0.04
0.25,0,Qwen3-32B-FP8,H100-SXM-80GB,task,118.33293498973397,118.33293498973396,1.2009213425184522e-14,12,3717880,339483.0,0.04
0.25,0,Qwen3-32B-FP8,H100-SXM-80GB,pipe,114.22583226129362,114.2258322612936,1.244101656680813e-14,14,3592841,339503.0,0.04
0.25,0,Qwen3-32B-FP8,H100-SXM-80GB,fullspec,126.11430700187124,126.11430700187127,-2.2536467198747156e-14,12,3965841,339489.0,0.04
0.25,0,Qwen3-32B-FP8,L40S-48GB,task,317.12064425459283,317.1206442545929,-1.7924856010059252e-14,40,3690201,95367.0,0.06
0.25,0,Qwen3-32B-FP8,L40S-48GB,pipe,307.9599838329247,307.9599312835482,1.706370575104328e-05,47,3587791,95362.0,0.07
0.25,0,Qwen3-32B-FP8,L40S-48GB,fullspec,340.49142367899486,340.49142367899486,0.0,42,3965841,95355.0,0.07
0.25,1,Qwen3-4B-FP8,H100-SXM-80GB,task,13.838303643427572,13.838303643427572,0.0,4,3718254,996848.0,0.03
0.25,1,Qwen3-4B-FP8,H100-SXM-80GB,pipe,13.332543670444748,13.332307587876091,0.0017707554907569823,6,3591891,996764.0,0.06
0.25,1,Qwen3-4B-FP8,H100-SXM-80GB,fullspec,14.728641087833644,14.728641087833646,-1.2060561655396581e-14,4,3965841,996827.0,0.04
0.25,1,Qwen3-4B-FP8,L40S-48GB,task,37.19882742768353,37.19882742768354,-1.910121326112852e-14,8,3701639,562846.0,0.03
0.25,1,Qwen3-4B-FP8,L40S-48GB,pipe,35.96926622484745,35.966690115497386,0.0071624865724195415,9,3589041,562866.0,0.04
0.25,1,Qwen3-4B-FP8,L40S-48GB,fullspec,39.76532157274596,39.765321572745954,1.786840160364971e-14,8,3965841,562810.0,0.04
0.25,1,Qwen3-32B-FP8,H100-SXM-80GB,task,118.11682419669054,118.11682419669053,1.203118591432648e-14,12,3710892,339507.0,0.04
0.25,1,Qwen3-32B-FP8,H100-SXM-80GB,pipe,114.16392370859428,114.16392370859425,2.489552610590978e-14,14,3590891,339507.0,0.07
0.25,1,Qwen3-32B-FP8,H100-SXM-80GB,fullspec,126.11430700187124,126.11430700187127,-2.2536467198747156e-14,12,3965841,339489.0,0.04
0.25,1,Qwen3-32B-FP8,L40S-48GB,task,319.621496176165,319.62149617616507,-1.7784604458980992e-14,40,3719453,95367.0,0.06
0.25,1,Qwen3-32B-FP8,L40S-48GB,pipe,308.4755246558569,308.4753312273015,6.270470788678551e-05,47,3593791,95367.0,0.07
0.25,1,Qwen3-32B-FP8,L40S-48GB,fullspec,340.49142367899486,340.49142367899486,0.0,42,3965841,95355.0,0.07
0.5,0,Qwen3-4B-FP8,H100-SXM-80GB,task,16.58865563847108,16.588655638471085,-2.1416525583672563e-14,5,4456662,996878.0,0.04
0.5,0,Qwen3-4B-FP8,H100-SXM-80GB,pipe,13.801326335691948,13.79885425285032,0.01791513118646913,6,3716841,996900.0,0.05
0.5,0,Qwen3-4B-FP8,H100-SXM-80GB,fullspec,14.728641087833644,14.728641087833646,-1.2060561655396581e-14,4,3965841,996827.0,0.07
0.5,0,Qwen3-4B-FP8,L40S-48GB,task,44.6798431650904,44.679843165090396,1.5902981868908325e-14,9,4446563,562846.0,0.04
0.5,0,Qwen3-4B-FP8,L40S-48GB,pipe,37.244106559143404,37.23591563136315,0.021997385162609337,10,3714941,562809.0,0.05
0.5,0,Qwen3-4B-FP8,L40S-48GB,fullspec,39.76532157274596,39.765321572745954,1.786840160364971e-14,8,3965841,562810.0,0.04
0.5,0,Qwen3-32B-FP8,H100-SXM-80GB,task,141.5507366257737,141.5507366257737,0.0,14,4447452,339492.0,0.04
0.5,0,Qwen3-32B-FP8,H100-SXM-80GB,pipe,118.22029641391048,118.22029641391048,0.0,16,3718191,339467.0,0.05
0.5,0,Qwen3-32B-FP8,H100-SXM-80GB,fullspec,126.11430700187124,126.11430700187127,-2.2536467198747156e-14,12,3965841,339489.0,0.05
0.5,0,Qwen3-32B-FP8,L40S-48GB,task,381.33280054117495,381.3328005411749,1.4906511787115538e-14,48,4437809,95367.0,0.07
0.5,0,Qwen3-32B-FP8,L40S-48GB,pipe,319.0538988308235,319.053748866435,4.7002860508480696e-05,56,3716741,95366.0,0.08
0.5,0,Qwen3-32B-FP8,L40S-48GB,fullspec,340.49142367899486,340.49142367899486,0.0,42,3965841,95355.0,0.07
0.5,1,Qwen3-4B-FP8,H100-SXM-80GB,task,16.526745989673653,16.526745989673653,0.0,5,4440377,996876.0,0.04
0.5,1,Qwen3-4B-FP8,H100-SXM-80GB,pipe,13.794051605422672,13.791684550392109,0.01716291452225453,6,3714941,996874.0,0.07
0.5,1,Qwen3-4B-FP8,H100-SXM-80GB,fullspec,14.728641087833644,14.728641087833646,-1.2060561655396581e-14,4,3965841,996827.0,0.04
0.5,1,Qwen3-4B-FP8,L40S-48GB,task,44.450468724713645,44.45046872471365,-1.5985044840821923e-14,9,4423736,562850.0,0.04
0.5,1,Qwen3-4B-FP8,L40S-48GB,pipe,37.22000245187137,37.212357938593705,0.02054294245552247,10,3712641,562866.0,0.05
0.5,1,Qwen3-4B-FP8,L40S-48GB,fullspec,39.76532157274596,39.765321572745954,1.786840160364971e-14,8,3965841,562810.0,0.07
0.5,1,Qwen3-32B-FP8,H100-SXM-80GB,task,142.1174491224895,142.11744912248952,-1.9998747237510322e-14,14,4464891,339483.0,0.05
0.5,1,Qwen3-32B-FP8,H100-SXM-80GB,pipe,118.12324037237258,118.11865660098194,0.003880649782639121,17,3714941,339479.0,0.05
0.5,1,Qwen3-32B-FP8,H100-SXM-80GB,fullspec,126.11430700187124,126.11430700187127,-2.2536467198747156e-14,12,3965841,339489.0,0.05
0.5,1,Qwen3-32B-FP8,L40S-48GB,task,385.59562168017686,385.59562168017686,0.0,49,4487214,95367.0,0.08
0.5,1,Qwen3-32B-FP8,L40S-48GB,pipe,319.47031722837585,319.4697886769845,0.00016544643972689064,56,3721541,95367.0,0.08
0.5,1,Qwen3-32B-FP8,L40S-48GB,fullspec,340.49142367899486,340.49142367899486,0.0,42,3965841,95355.0,0.07
0.75,0,Qwen3-4B-FP8,H100-SXM-80GB,task,19.188398653256826,19.188398653256826,0.0,6,5155303,996904.0,0.05
0.75,0,Qwen3-4B-FP8,H100-SXM-80GB,pipe,14.24288885648151,14.241110599543397,0.01248678553321749,7,3835291,996857.0,0.08
0.75,0,Qwen3-4B-FP8,H100-SXM-80GB,fullspec,14.728641087833644,14.728641087833646,-1.2060561655396581e-14,4,3965841,996827.0,0.04
0.75,0,Qwen3-4B-FP8,L40S-48GB,task,52.16328135296664,52.163281352966635,1.3621511479543649e-14,10,5191193,562846.0,0.05
0.75,0,Qwen3-4B-FP8,L40S-48GB,pipe,38.51802755746285,38.50857442658279,0.024548119531362322,12,3841191,562797.0,0.06
0.75,0,Qwen3-4B-FP8,L40S-48GB,fullspec,39.76532157274596,39.765321572745954,1.786840160364971e-14,8,3965841,562810.0,0.07
0.75,0,Qwen3-32B-FP8,H100-SXM-80GB,task,165.08843420003996,165.08843420003996,0.0,16,5186709,339483.0,0.05
0.75,0,Qwen3-32B-FP8,H100-SXM-80GB,pipe,122.11428781172837,122.11428781172837,0.0,19,3840341,339508.0,0.06
0.75,0,Qwen3-32B-FP8,H100-SXM-80GB,fullspec,126.11430700187124,126.11430700187127,-2.2536467198747156e-14,12,3965841,339489.0,0.05
0.75,0,Qwen3-32B-FP8,L40S-48GB,task,443.7434117618559,443.74341176185607,-3.842992415489485e-14,56,5163895,95367.0,0.08
0.75,0,Qwen3-32B-FP8,L40S-48GB,pipe,329.49905404906553,329.4969482046767,0.0006391089205258204,65,3838091,95366.0,0.09
0.75,0,Qwen3-32B-FP8,L40S-48GB,fullspec,340.49142367899486,340.49142367899486,0.0,42,3965841,95355.0,0.07
0.75,1,Qwen3-4B-FP8,H100-SXM-80GB,task,19.154717940155958,19.154717940155958,0.0,6,5146878,996900.0,0.04
0.75,1,Qwen3-4B-FP8,H100-SXM-80GB,pipe,14.253004870341256,14.251193292860023,0.01271175994883344,7,3838091,996826.0,0.08
0.75,1,Qwen3-4B-FP8,H100-SXM-80GB,fullspec,14.728641087833644,14.728641087833646,-1.2060561655396581e-14,4,3965841,996827.0,0.04
0.75,1,Qwen3-4B-FP8,L40S-48GB,task,52.23310636373986,52.23310636373985,1.3603302296670564e-14,10,5197661,562846.0,0.05
0.75,1,Qwen3-4B-FP8,L40S-48GB,pipe,38.51129821323979,38.49997580805728,0.029408863109316084,12,3840291,562875.0,0.05
0.75,1,Qwen3-4B-FP8,L40S-48GB,fullspec,39.76532157274596,39.765321572745954,1.786840160364971e-14,8,3965841,562810.0,0.07
0.75,1,Qwen3-32B-FP8,H100-SXM-80GB,task,165.75896290803325,165.75896290803323,1.7146408816621884e-14,16,5207648,339491.0,0.05
0.75,1,Qwen3-32B-FP8,H100-SXM-80GB,pipe,122.13117631702116,122.13117631702114,1.1635730649407876e-14,19,3840841,339503.0,0.06
0.75,1,Qwen3-32B-FP8,H100-SXM-80GB,fullspec,126.11430700187124,126.11430700187127,-2.2536467198747156e-14,12,3965841,339489.0,0.05
0.75,1,Qwen3-32B-FP8,L40S-48GB,task,447.62807209181557,447.6280720918156,-1.2698805639059324e-14,56,5209002,95367.0,0.08
0.75,1,Qwen3-32B-FP8,L40S-48GB,pipe,330.0789265223251,330.07851816927587,0.00012371391252690147,65,3844841,95366.0,0.1
0.75,1,Qwen3-32B-FP8,L40S-48GB,fullspec,340.49142367899486,340.49142367899486,0.0,42,3965841,95355.0,0.07
0.9,0,Qwen3-4B-FP8,H100-SXM-80GB,task,21.004765510415393,21.004765510415393,0.0,6,5643202,996892.0,0.05
0.9,0,Qwen3-4B-FP8,H100-SXM-80GB,pipe,14.545865076944873,14.542232879612119,0.024976888781959167,8,3915891,996878.0,0.08
0.9,0,Qwen3-4B-FP8,H100-SXM-80GB,fullspec,14.728641087833644,14.728641087833646,-1.2060561655396581e-14,4,3965841,996827.0,0.05
0.9,0,Qwen3-4B-FP8,L40S-48GB,task,56.631772802074536,56.63177280207454,-1.2546715396733465e-14,11,5635625,562846.0,0.05
0.9,0,Qwen3-4B-FP8,L40S-48GB,pipe,39.31847807976438,39.26666157460571,0.13196055656582642,13,3916391,562877.0,0.09
0.9,0,Qwen3-4B-FP8,L40S-48GB,fullspec,39.76532157274596,39.765321572745954,1.786840160364971e-14,8,3965841,562810.0,0.05
0.9,0,Qwen3-32B-FP8,H100-SXM-80GB,task,179.13631991045096,179.13631991045096,0.0,17,5628211,339491.0,0.06
0.9,0,Qwen3-32B-FP8,H100-SXM-80GB,pipe,124.51716150261548,124.51716150261548,0.0,20,3915741,339497.0,0.07
0.9,0,Qwen3-32B-FP8,H100-SXM-80GB,fullspec,126.11430700187124,126.11430700187127,-2.2536467198747156e-14,12,3965841,339489.0,0.05
0.9,0,Qwen3-32B-FP8,L40S-48GB,task,485.88101305155953,485.88101305155965,-2.3398081972293916e-14,61,5654160,95367.0,0.09
0.9,0,Qwen3-32B-FP8,L40S-48GB,pipe,336.44806048447555,336.44718873588545,0.00025910413856497646,70,3918841,95364.0,0.1
0.9,0,Qwen3-32B-FP8,L40S-48GB,fullspec,340.49142367899486,340.49142367899486,0.0,42,3965841,95355.0,0.07
0.9,1,Qwen3-4B-FP8,H100-SXM-80GB,task,20.950240538476013,20.950240538476013,0.0,6,5628731,996848.0,0.05
0.9,1,Qwen3-4B-FP8,H100-SXM-80GB,pipe,14.54100082095014,14.537642270329856,0.023102443696379395,8,3914691,996885.0,0.09
0.9,1,Qwen3-4B-FP8,H100-SXM-80GB,fullspec,14.728641087833644,14.728641087833646,-1.2060561655396581e-14,4,3965841,996827.0,0.05
0.9,1,Qwen3-4B-FP8,L40S-48GB,task,56.677078907572906,56.677078907572906,0.0,11,5640027,562867.0,0.05
0.9,1,Qwen3-4B-FP8,L40S-48GB,pipe,39.31500153752064,39.260440624987154,0.1389717274307843,13,3915741,562845.0,0.06
0.9,1,Qwen3-4B-FP8,L40S-48GB,fullspec,39.76532157274596,39.765321572745954,1.786840160364971e-14,8,3965841,562810.0,0.07
0.9,1,Qwen3-32B-FP8,H100-SXM-80GB,task,179.54656577998168,179.5465657799817,-1.5829714874765288e-14,17,5640908,339488.0,0.06
0.9,1,Qwen3-32B-FP8,H100-SXM-80GB,pipe,124.5067889204354,124.50678892043538,1.1413718752543915e-14,20,3915391,339508.0,0.07
0.9,1,Qwen3-32B-FP8,H100-SXM-80GB,fullspec,126.11430700187124,126.11430700187127,-2.2536467198747156e-14,12,3965841,339489.0,0.05
0.9,1,Qwen3-32B-FP8,L40S-48GB,task,484.23054398691147,484.2305439869115,-1.1738916424558393e-14,61,5634879,95367.0,0.09
0.9,1,Qwen3-32B-FP8,L40S-48GB,pipe,336.10419133225724,336.1036202926527,0.00016989986720592263,70,3914841,95358.0,0.1
0.9,1,Qwen3-32B-FP8,L40S-48GB,fullspec,340.49142367899486,340.49142367899486,0.0,42,3965841,95355.0,0.07
